{
  "metrics": {
    "n_days": 714,
    "ic_mean": 0.03874401953992561,
    "ic_ir": 0.2145549864132548,
    "ic_win_rate": 0.5896358543417367,
    "long_mean": 0.0005120012308438604,
    "short_mean": -0.0005860958844457779,
    "ls_mean": 0.0007593366110879572,
    "ls_ann": 0.19135282599416523,
    "ls_ir": 0.9048921075944246,
    "ls_win_rate": 0.5266106442577031,
    "avg_turnover": 0.6775210084033614,
    "max_drawdown": -0.34135294313030506
  }
}