{
  "strategy": "hysteresis",
  "param": "delta=15",
  "metrics": {
    "n_days": 714,
    "ic_mean": 0.03828361149610613,
    "ic_ir": 0.21384002859891746,
    "ic_win_rate": 0.5994397759103641,
    "long_mean": 0.0006248406114517641,
    "short_mean": -0.0006735050908092906,
    "ls_mean": 0.0010602854781714185,
    "ls_ann": 0.2671919404991975,
    "ls_ir": 1.1715746067974189,
    "ls_win_rate": 0.5168067226890757,
    "avg_turnover": 0.4761204481792718,
    "max_drawdown": -0.20892953688837435
  },
  "execution_profile": {
    "avg_turnover": 0.4761204481792718,
    "avg_overlap_long": 0.7237394957983193,
    "avg_overlap_short": 0.8001400560224089,
    "avg_added_long": 5.525210084033613,
    "avg_added_short": 7.9943977591036415,
    "half_life_long_days": 2.0,
    "half_life_short_days": 2.0
  }
}