{
  "strategy": "hysteresis",
  "param": "delta=15",
  "metrics": {
    "n_days": 714,
    "ic_mean": 0.03828361149610613,
    "ic_ir": 0.21384002859891746,
    "ic_win_rate": 0.5994397759103641,
    "long_mean": 0.0007400390875077841,
    "short_mean": -0.000611929517499311,
    "ls_mean": 0.0011206427413282898,
    "ls_ann": 0.282401970814729,
    "ls_ir": 1.2444774864426007,
    "ls_win_rate": 0.5280112044817927,
    "avg_turnover": 0.4626517273576097,
    "max_drawdown": -0.26637362385821506
  },
  "execution_profile": {
    "avg_turnover": 0.4626517273576097,
    "avg_overlap_long": 0.7382352941176471,
    "avg_overlap_short": 0.7991129785247432,
    "avg_added_long": 7.852941176470588,
    "avg_added_short": 6.026610644257703,
    "half_life_long_days": 2.0,
    "half_life_short_days": 2.0
  }
}