{
  "strategy": "hysteresis",
  "param": "delta=15",
  "metrics": {
    "n_days": 714,
    "ic_mean": 0.03874401953992561,
    "ic_ir": 0.2145549864132548,
    "ic_win_rate": 0.5896358543417367,
    "long_mean": 0.0006138423041859467,
    "short_mean": -0.0005207226690032706,
    "ls_mean": 0.000913328978791458,
    "ls_ann": 0.23015890265544742,
    "ls_ir": 1.0889174310620386,
    "ls_win_rate": 0.5252100840336135,
    "avg_turnover": 0.44247198879551825,
    "max_drawdown": -0.3191465027983871
  },
  "execution_profile": {
    "avg_turnover": 0.44247198879551825,
    "avg_overlap_long": 0.7565826330532214,
    "avg_overlap_short": 0.8009453781512607,
    "avg_added_long": 9.736694677871148,
    "avg_added_short": 7.96218487394958,
    "half_life_long_days": 2.0,
    "half_life_short_days": 2.0
  }
}