{
  "strategy": "hysteresis",
  "param": "delta=15",
  "metrics": {
    "n_days": 714,
    "ic_mean": 0.03828361149610613,
    "ic_ir": 0.21384002859891746,
    "ic_win_rate": 0.5994397759103641,
    "long_mean": 0.0006239468432849682,
    "short_mean": -0.0006735050908092906,
    "ls_mean": 0.001075708236615267,
    "ls_ann": 0.2710784756270473,
    "ls_ir": 1.2874745632474316,
    "ls_win_rate": 0.530812324929972,
    "avg_turnover": 0.44348739495798317,
    "max_drawdown": -0.21361564627646235
  },
  "execution_profile": {
    "avg_turnover": 0.44348739495798317,
    "avg_overlap_long": 0.7563725490196078,
    "avg_overlap_short": 0.8001400560224089,
    "avg_added_long": 9.745098039215685,
    "avg_added_short": 7.9943977591036415,
    "half_life_long_days": 2.0,
    "half_life_short_days": 2.0
  }
}