{
  "metrics": {
    "ic_mean": 0.03828361149610613,
    "ic_std": 0.17902921051183443,
    "ic_ir": 0.21384002860011192,
    "ic_win_rate": 0.5994397759103641,
    "n_days": 714,
    "long_mean": 0.0005746400306567664,
    "short_mean": -0.0005393582865774074,
    "ls_mean": 0.0007765508382425774,
    "ls_ann": 0.1956908112371295,
    "ls_ir": 0.9376596003569626
  },
  "performance_metrics": {
    "n_days": 714,
    "ic_mean": 0.03828361149610613,
    "ic_ir": 0.21384002859891746,
    "ic_win_rate": 0.5994397759103641,
    "long_mean": 0.0005746400306567664,
    "short_mean": -0.0005393582865774074,
    "ls_mean": 0.0007765508382425774,
    "ls_ann": 0.1956908112371295,
    "ls_ir": 0.9376596003569626,
    "ls_win_rate": 0.5280112044817927,
    "avg_turnover": 0.6748949579831933,
    "max_drawdown": -0.2407122597402862
  },
  "prediction_file": "data/predictions_20250926_115635.csv",
  "report_file": "data/predictive_model_report_20250926_115635.txt"
}