{
  "metrics": {
    "ic_mean": 0.03828361149610613,
    "ic_std": 0.17902921051183443,
    "ic_ir": 0.21384002860011192,
    "ic_win_rate": 0.5994397759103641,
    "n_days": 714,
    "long_mean": 0.0005665976286757711,
    "short_mean": -0.0007153946843720867,
    "ls_mean": 0.000911800903150565,
    "ls_ann": 0.22977382759394238,
    "ls_ir": 1.0135440011576733
  },
  "performance_metrics": {
    "n_days": 714,
    "ic_mean": 0.03828361149610613,
    "ic_ir": 0.21384002859891746,
    "ic_win_rate": 0.5994397759103641,
    "long_mean": 0.0005665976286757711,
    "short_mean": -0.0007153946843720867,
    "ls_mean": 0.000911800903150565,
    "ls_ann": 0.22977382759394238,
    "ls_ir": 1.0135440011576733,
    "ls_win_rate": 0.5406162464985994,
    "avg_turnover": 0.7403828197945845,
    "max_drawdown": -0.27544551908156645
  },
  "prediction_file": "data/predictions_20250925_172016.csv",
  "report_file": "data/predictive_model_report_20250925_172016.txt"
}