{
  "metrics": {
    "ic_mean": 0.03828361149610613,
    "ic_std": 0.17902921051183443,
    "ic_ir": 0.21384002860011192,
    "ic_win_rate": 0.5994397759103641,
    "n_days": 714,
    "long_mean": 0.0005229240697114669,
    "short_mean": -0.0005393582865774074,
    "ls_mean": 0.0006780736728154848,
    "ls_ann": 0.17087456554950217,
    "ls_ir": 0.7523870958939669
  },
  "performance_metrics": {
    "n_days": 714,
    "ic_mean": 0.03828361149610613,
    "ic_ir": 0.21384002859891746,
    "ic_win_rate": 0.5994397759103641,
    "long_mean": 0.0005229240697114669,
    "short_mean": -0.0005393582865774074,
    "ls_mean": 0.0006780736728154848,
    "ls_ann": 0.17087456554950217,
    "ls_ir": 0.7523870958939669,
    "ls_win_rate": 0.49859943977591037,
    "avg_turnover": 0.7684173669467789,
    "max_drawdown": -0.24041032668913043
  },
  "prediction_file": "data/predictions_20250925_192710.csv",
  "report_file": "data/predictive_model_report_20250925_192710.txt"
}